"Paper Title","Paper Link","Publication Year","Publication Type","Publication Title","Author Names","DOI","PDF Link","Abstract"
"Classifying Organizations for Food System Ontologies using Natural Language Processing","https://scispace.com/paper/http://arxiv.org/abs/2309.10880v1","2023","Preprint","","Tianyu Jiang
Sonia Vinogradova
Nathan Stringham
E. Louise Earl
Allan D. Hollander
Patrick R. Huber
Ellen Riloff
R. Sandra Schillo
Giorgio A. Ubbiali
Matthew Lange","","https://arxiv.org/pdf/2309.10880v1","Our research explores the use of natural language processing (NLP) methods to automatically classify entities for the purpose of knowledge graph population and integration with food system ontologies. We have created NLP models that can automatically classify organizations with respect to categories associated with environmental issues as well as Standard Industrial Classification (SIC) codes, which are used by the U.S. government to characterize business activities. As input, the NLP models are provided with text snippets retrieved by the Google search engine for each organization, which serves as a textual description of the organization that is used for learning. Our experimental results show that NLP models can achieve reasonably good performance for these two classification tasks, and they rely on a general framework that could be applied to many other classification problems as well. We believe that NLP models represent a promising approach for automatically harvesting information to populate knowledge graphs and aligning the information with existing ontologies through shared categories and concepts."
"End-to-End Ontology Learning with Large Language Models","https://scispace.com/paper/http://arxiv.org/abs/2410.23584v1","2024","Preprint","","Andy Lo
Albert Q. Jiang
Wenda Li
Mateja Jamnik","","https://arxiv.org/pdf/2410.23584v1","Ontologies are useful for automatic machine processing of domain knowledge as they represent it in a structured format. Yet, constructing ontologies requires substantial manual effort. To automate part of this process, large language models (LLMs) have been applied to solve various subtasks of ontology learning. However, this partial ontology learning does not capture the interactions between subtasks. We address this gap by introducing OLLM, a general and scalable method for building the taxonomic backbone of an ontology from scratch. Rather than focusing on subtasks, like individual relations between entities, we model entire subcomponents of the target ontology by finetuning an LLM with a custom regulariser that reduces overfitting on high-frequency concepts. We introduce a novel suite of metrics for evaluating the quality of the generated ontology by measuring its semantic and structural similarity to the ground truth. In contrast to standard metrics, our metrics use deep learning techniques to define more robust distance measures between graphs. Both our quantitative and qualitative results on Wikipedia show that OLLM outperforms subtask composition methods, producing more semantically accurate ontologies while maintaining structural integrity. We further demonstrate that our model can be effectively adapted to new domains, like arXiv, needing only a small number of training examples. Our source code and datasets are available at https://github.com/andylolu2/ollm."
"DLOLIS-A: Description Logic based Text Ontology Learning","https://scispace.com/paper/http://arxiv.org/abs/1303.5929v1","2013","Preprint","","Sourish Dasgupta
Ankur Padia
Kushal Shah
Rupali KaPatel
Prasenjit Majumder","","https://arxiv.org/pdf/1303.5929v1","Ontology Learning has been the subject of intensive study for the past decade. Researchers in this field have been motivated by the possibility of automatically building a knowledge base on top of text documents so as to support reasoning based knowledge extraction. While most works in this field have been primarily statistical (known as light-weight Ontology Learning) not much attempt has been made in axiomatic Ontology Learning (called heavy-weight Ontology Learning) from Natural Language text documents. Heavy-weight Ontology Learning supports more precise formal logic-based reasoning when compared to statistical ontology learning. In this paper we have proposed a sound Ontology Learning tool DLOL_(IS-A) that maps English language IS-A sentences into their equivalent Description Logic (DL) expressions in order to automatically generate a consistent pair of T-box and A-box thereby forming both regular (definitional form) and generalized (axiomatic form) DL ontology. The current scope of the paper is strictly limited to IS-A sentences that exclude the possible structures of: (i) implicative IS-A sentences, and (ii) ""Wh"" IS-A questions. Other linguistic nuances that arise out of pragmatics and epistemic of IS-A sentences are beyond the scope of this present work. We have adopted Gold Standard based Ontology Learning evaluation on chosen IS-A rich Wikipedia documents."
"Formal Ontology Learning from English IS-A Sentences","https://scispace.com/paper/http://arxiv.org/abs/1802.03701v1","2018","Preprint","","Sourish Dasgupta
Ankur Padia
Gaurav Maheshwari
Priyansh Trivedi
Jens Lehmann","","https://arxiv.org/pdf/1802.03701v1","Ontology learning (OL) is the process of automatically generating an ontological knowledge base from a plain text document. In this paper, we propose a new ontology learning approach and tool, called DLOL, which generates a knowledge base in the description logic (DL) SHOQ(D) from a collection of factual non-negative IS-A sentences in English. We provide extensive experimental results on the accuracy of DLOL, giving experimental comparisons to three state-of-the-art existing OL tools, namely Text2Onto, FRED, and LExO. Here, we use the standard OL accuracy measure, called lexical accuracy, and a novel OL accuracy measure, called instance-based inference model. In our experimental results, DLOL turns out to be about 21% and 46%, respectively, better than the best of the other three approaches."
"Enterprise domain ontology learning from web-based corpus","https://scispace.com/paper/http://arxiv.org/abs/2102.01498v1","2021","Preprint","","Andrei Vasilateanu
Nicolae Goga
Elena-Alice Tanase
Iuliana Marin","10.1109/ICCCNT.2015.7395227","https://arxiv.org/pdf/2102.01498v1","Enterprise knowledge is a key asset in the competing and fast-changing corporate landscape. The ability to learn, store and distribute implicit and explicit knowledge can be the difference between success and failure. While enterprise knowledge management is a well-defined research domain, current implementations lack orientation towards small and medium enterprise. We propose a semantic search engine for relevant documents in an enterprise, based on automatic generated domain ontologies. In this paper we focus on the component for ontology learning and population."
"Evaluating the Fitness of Ontologies for the Task of Question Generation","https://scispace.com/paper/http://arxiv.org/abs/2504.07994v2","2025","Preprint","","Samah Alkhuzaey
Floriana Grasso
Terry R. Payne
Valentina Tamma","","https://arxiv.org/pdf/2504.07994v2","Ontology-based question generation is an important application of semantic-aware systems that enables the creation of large question banks for diverse learning environments. The effectiveness of these systems, both in terms of the calibre and cognitive difficulty of the resulting questions, depends heavily on the quality and modelling approach of the underlying ontologies, making it crucial to assess their fitness for this task. To date, there has been no comprehensive investigation into the specific ontology aspects or characteristics that affect the question generation process. Therefore, this paper proposes a set of requirements and task-specific metrics for evaluating the fitness of ontologies for question generation tasks in pedagogical settings. Using the ROMEO methodology (a structured framework used for identifying task-specific metrics), a set of evaluation metrics have been derived from an expert assessment of questions generated by a question generation model. To validate the proposed metrics, we apply them to a set of ontologies previously used in question generation to illustrate how the metric scores align with and complement findings reported in earlier studies. The analysis confirms that ontology characteristics significantly impact the effectiveness of question generation, with different ontologies exhibiting varying performance levels. This highlights the importance of assessing ontology quality with respect to Automatic Question Generation (AQG) tasks."
"MedTQ: Dynamic Topic Discovery and Query Generation for Medical Ontologies","https://scispace.com/paper/http://arxiv.org/abs/1802.03855v1","2018","Preprint","","Feichen Shen
Yugyung Lee","","https://arxiv.org/pdf/1802.03855v1","Biomedical ontology refers to a shared conceptualization for a biomedical domain of interest that has vastly improved data management and data sharing through the open data movement. The rapid growth and availability of biomedical data make it impractical and computationally expensive to perform manual analysis and query processing with the large scale ontologies. The lack of ability in analyzing ontologies from such a variety of sources, and supporting knowledge discovery for clinical practice and biomedical research should be overcome with new technologies. In this study, we developed a Medical Topic discovery and Query generation framework (MedTQ), which was composed by a series of approaches and algorithms. A predicate neighborhood pattern-based approach introduced has the ability to compute the similarity of predicates (relations) in ontologies. Given a predicate similarity metric, machine learning algorithms have been developed for automatic topic discovery and query generation. The topic discovery algorithm, called the hierarchical K-Means algorithm was designed by extending an existing supervised algorithm (K-means clustering) for the construction of a topic hierarchy. In the hierarchical K-Means algorithm, a level-by-level optimization strategy was selected for consistent with the strongly association between elements within a topic. Automatic query generation was facilitated for discovered topic that could be guided users for interactive query design and processing. Evaluation was conducted to generate topic hierarchy for DrugBank ontology as a case study. Results demonstrated that the MedTQ framework can enhance knowledge discovery by capturing underlying structures from domain specific data and ontologies."
"Uncertainty in Automated Ontology Matching: Lessons Learned from an Empirical Experimentation","https://scispace.com/paper/http://arxiv.org/abs/2310.11723v1","2023","Preprint","","Inès Osman
Salvatore F. Pileggi
Sadok Ben Yahia","10.3390/app14114679","https://arxiv.org/pdf/2310.11723v1","Data integration is considered a classic research field and a pressing need within the information science community. Ontologies play a critical role in such a process by providing well-consolidated support to link and semantically integrate datasets via interoperability. This paper approaches data integration from an application perspective, looking at techniques based on ontology matching. An ontology-based process may only be considered adequate by assuming manual matching of different sources of information. However, since the approach becomes unrealistic once the system scales up, automation of the matching process becomes a compelling need. Therefore, we have conducted experiments on actual data with the support of existing tools for automatic ontology matching from the scientific community. Even considering a relatively simple case study (i.e., the spatio-temporal alignment of global indicators), outcomes clearly show significant uncertainty resulting from errors and inaccuracies along the automated matching process. More concretely, this paper aims to test on real-world data a bottom-up knowledge-building approach, discuss the lessons learned from the experimental results of the case study, and draw conclusions about uncertainty and uncertainty management in an automated ontology matching process. While the most common evaluation metrics clearly demonstrate the unreliability of fully automated matching solutions, properly designed semi-supervised approaches seem to be mature for a more generalized application."
"JSI at the FinSim-2 task: Ontology-Augmented Financial Concept Classification","https://scispace.com/paper/http://arxiv.org/abs/2106.09230v1","2021","Preprint","","Timen Stepišnik Perdih
Senja Pollak
Blaž \v{Skrlj}","10.1145/3442442.3451383","https://arxiv.org/pdf/2106.09230v1","Ontologies are increasingly used for machine reasoning over the last few years. They can provide explanations of concepts or be used for concept classification if there exists a mapping from the desired labels to the relevant ontology. Another advantage of using ontologies is that they do not need a learning process, meaning that we do not need the train data or time before using them. This paper presents a practical use of an ontology for a classification problem from the financial domain. It first transforms a given ontology to a graph and proceeds with generalization with the aim to find common semantic descriptions of the input sets of financial concepts.
  We present a solution to the shared task on Learning Semantic Similarities for the Financial Domain (FinSim-2 task). The task is to design a system that can automatically classify concepts from the Financial domain into the most relevant hypernym concept in an external ontology - the Financial Industry Business Ontology. We propose a method that maps given concepts to the mentioned ontology and performs a graph search for the most relevant hypernyms. We also employ a word vectorization method and a machine learning classifier to supplement the method with a ranked list of labels for each concept."
"Automatic Knowledge Base Evolution by Learning Instances","https://scispace.com/paper/http://arxiv.org/abs/1604.00869v1","2016","Preprint","","Sundong Kim","","https://arxiv.org/pdf/1604.00869v1","Knowledge base is the way to store structured and unstructured data throughout the web. Since the size of the web is increasing rapidly, there are huge needs to structure the knowledge in a fully automated way. However fully-automated knowledge-base evolution on the Semantic Web is a major challenges, although there are many ontology evolution techniques available. Therefore learning ontology automatically can contribute to the semantic web society significantly. In this paper, we propose full-automated ontology learning algorithm to generate refined knowledge base from incomplete knowledge base and rdf-triples. Our algorithm is data-driven approach which is based on the property of each instance. Ontology class is being elaborated by generalizing frequent property of its instances. By using that developed class information, each instance can find its most relatively matching class. By repeating these two steps, we achieve fully-automated ontology evolution from incomplete basic knowledge base."
"Learning from Mistakes: Combining Ontologies via Self-Training for Dialogue Generation","https://scispace.com/paper/http://arxiv.org/abs/2010.00150v1","2020","Preprint","","Lena Reed
Vrindavan Harrison
Shereen Oraby
Dilek Hakkani-Tur
Marilyn Walker","","https://arxiv.org/pdf/2010.00150v1","Natural language generators (NLGs) for task-oriented dialogue typically take a meaning representation (MR) as input. They are trained end-to-end with a corpus of MR/utterance pairs, where the MRs cover a specific set of dialogue acts and domain attributes. Creation of such datasets is labor-intensive and time-consuming. Therefore, dialogue systems for new domain ontologies would benefit from using data for pre-existing ontologies. Here we explore, for the first time, whether it is possible to train an NLG for a new larger ontology using existing training sets for the restaurant domain, where each set is based on a different ontology. We create a new, larger combined ontology, and then train an NLG to produce utterances covering it. For example, if one dataset has attributes for family-friendly and rating information, and the other has attributes for decor and service, our aim is an NLG for the combined ontology that can produce utterances that realize values for family-friendly, rating, decor and service. Initial experiments with a baseline neural sequence-to-sequence model show that this task is surprisingly challenging. We then develop a novel self-training method that identifies (errorful) model outputs, automatically constructs a corrected MR input to form a new (MR, utterance) training pair, and then repeatedly adds these new instances back into the training data. We then test the resulting model on a new test set. The result is a self-trained model whose performance is an absolute 75.4% improvement over the baseline model. We also report a human qualitative evaluation of the final model showing that it achieves high naturalness, semantic coherence and grammaticality"
"OntologyRAG: Better and Faster Biomedical Code Mapping with Retrieval-Augmented Generation (RAG) Leveraging Ontology Knowledge Graphs and Large Language Models","https://scispace.com/paper/http://arxiv.org/abs/2502.18992v1","2025","Preprint","","Hui Feng
Yuntzu Yin
Emiliano Reynares
Jay Nanavati","","https://arxiv.org/pdf/2502.18992v1","Biomedical ontologies, which comprehensively define concepts and relations for biomedical entities, are crucial for structuring and formalizing domain-specific information representations. Biomedical code mapping identifies similarity or equivalence between concepts from different ontologies. Obtaining high-quality mapping usually relies on automatic generation of unrefined mapping with ontology domain fine-tuned language models (LMs), followed by manual selections or corrections by coding experts who have extensive domain expertise and familiarity with ontology schemas. The LMs usually provide unrefined code mapping suggestions as a list of candidates without reasoning or supporting evidence, hence coding experts still need to verify each suggested candidate against ontology sources to pick the best matches. This is also a recurring task as ontology sources are updated regularly to incorporate new research findings. Consequently, the need of regular LM retraining and manual refinement make code mapping time-consuming and labour intensive. In this work, we created OntologyRAG, an ontology-enhanced retrieval-augmented generation (RAG) method that leverages the inductive biases from ontological knowledge graphs for in-context-learning (ICL) in large language models (LLMs). Our solution grounds LLMs to knowledge graphs with unrefined mappings between ontologies and processes questions by generating an interpretable set of results that include prediction rational with mapping proximity assessment. Our solution doesn't require re-training LMs, as all ontology updates could be reflected by updating the knowledge graphs with a standard process. Evaluation results on a self-curated gold dataset show promises of using our method to enable coding experts to achieve better and faster code mapping. The code is available at https://github.com/iqvianlp/ontologyRAG."
"Large language models as oracles for instantiating ontologies with domain-specific knowledge","https://scispace.com/paper/http://arxiv.org/abs/2404.04108v2","2024","Preprint","","Giovanni Ciatto
Andrea Agiollo
Matteo Magnini
Andrea Omicini","10.1016/j.knosys.2024.112940","https://arxiv.org/pdf/2404.04108v2","Background. Endowing intelligent systems with semantic data commonly requires designing and instantiating ontologies with domain-specific knowledge. Especially in the early phases, those activities are typically performed manually by human experts possibly leveraging on their own experience. The resulting process is therefore time-consuming, error-prone, and often biased by the personal background of the ontology designer. Objective. To mitigate that issue, we propose a novel domain-independent approach to automatically instantiate ontologies with domain-specific knowledge, by leveraging on large language models (LLMs) as oracles. Method. Starting from (i) an initial schema composed by inter-related classes and properties and (ii) a set of query templates, our method queries the LLM multiple times, and generates instances for both classes and properties from its replies. Thus, the ontology is automatically filled with domain-specific knowledge, compliant to the initial schema. As a result, the ontology is quickly and automatically enriched with manifold instances, which experts may consider to keep, adjust, discard, or complement according to their own needs and expertise. Contribution. We formalise our method in general way and instantiate it over various LLMs, as well as on a concrete case study. We report experiments rooted in the nutritional domain where an ontology of food meals and their ingredients is automatically instantiated from scratch, starting from a categorisation of meals and their relationships. There, we analyse the quality of the generated ontologies and compare ontologies attained by exploiting different LLMs. Experimentally, our approach achieves a quality metric that is up to five times higher than the state-of-the-art, while reducing erroneous entities and relations by up to ten times. Finally, we provide a SWOT analysis of the proposed method."
"COfEE: A Comprehensive Ontology for Event Extraction from text","https://scispace.com/paper/http://arxiv.org/abs/2107.10326v3","2021","Preprint","","Ali Balali
Masoud Asadpour
Seyed Hossein Jafari","","https://arxiv.org/pdf/2107.10326v3","Data is published on the web over time in great volumes, but majority of the data is unstructured, making it hard to understand and difficult to interpret. Information Extraction (IE) methods obtain structured information from unstructured data. One of the challenging IE tasks is Event Extraction (EE) which seeks to derive information about specific incidents and their actors from the text. EE is useful in many domains such as building a knowledge base, information retrieval and summarization. In the past decades, some event ontologies like ACE, CAMEO and ICEWS were developed to define event forms, actors and dimensions of events observed in the text. These event ontologies still have some shortcomings such as covering only a few topics like political events, having inflexible structure in defining argument roles and insufficient gold-standard data. To address these concerns, we propose an event ontology, namely COfEE, that incorporates both expert domain knowledge and a data-driven approach for identifying events from text. COfEE consists of two hierarchy levels (event types and event sub-types) that include new categories relating to environmental issues, cyberspace and criminal activity which need to be monitored instantly. Also, dynamic roles according to each event sub-type are defined to capture various dimensions of events. In a follow-up experiment, the proposed ontology is evaluated on Wikipedia events, and it is shown to be general and comprehensive. Moreover, in order to facilitate the preparation of gold-standard data for event extraction, a language-independent online tool is presented based on COfEE. A gold-standard dataset annotated by 10 human experts is also prepared consisting 24K news articles in Persian language. Finally, we present a supervised method based on deep learning techniques to automatically extract relevant events and corresponding actors."
"Ontology-Based Skill Description Learning for Flexible Production Systems","https://scispace.com/paper/http://arxiv.org/abs/2111.13142v1","2021","Preprint","","Anna Himmelhuber
Stephan Grimm
Thomas Runkler
Sonja Zillner","","https://arxiv.org/pdf/2111.13142v1","The increasing importance of resource-efficient production entails that manufacturing companies have to create a more dynamic production environment, with flexible manufacturing machines and processes. To fully utilize this potential of dynamic manufacturing through automatic production planning, formal skill descriptions of the machines are essential. However, generating those skill descriptions in a manual fashion is labor-intensive and requires extensive domain-knowledge. In this contribution an ontology-based semi-automatic skill description system that utilizes production logs and industrial ontologies through inductive logic programming is introduced and benefits and drawbacks of the proposed solution are evaluated."
"From human experts to machines: An LLM supported approach to ontology and knowledge graph construction","https://scispace.com/paper/http://arxiv.org/abs/2403.08345v1","2024","Preprint","","Vamsi Krishna Kommineni
Birgitta König-Ries
Sheeba Samuel","","https://arxiv.org/pdf/2403.08345v1","The conventional process of building Ontologies and Knowledge Graphs (KGs) heavily relies on human domain experts to define entities and relationship types, establish hierarchies, maintain relevance to the domain, fill the ABox (or populate with instances), and ensure data quality (including amongst others accuracy and completeness). On the other hand, Large Language Models (LLMs) have recently gained popularity for their ability to understand and generate human-like natural language, offering promising ways to automate aspects of this process. This work explores the (semi-)automatic construction of KGs facilitated by open-source LLMs. Our pipeline involves formulating competency questions (CQs), developing an ontology (TBox) based on these CQs, constructing KGs using the developed ontology, and evaluating the resultant KG with minimal to no involvement of human experts. We showcase the feasibility of our semi-automated pipeline by creating a KG on deep learning methodologies by exploiting scholarly publications. To evaluate the answers generated via Retrieval-Augmented-Generation (RAG) as well as the KG concepts automatically extracted using LLMs, we design a judge LLM, which rates the generated content based on ground truth. Our findings suggest that employing LLMs could potentially reduce the human effort involved in the construction of KGs, although a human-in-the-loop approach is recommended to evaluate automatically generated KGs."
"ProtGO: A Transformer based Fusion Model for accurately predicting Gene Ontology (GO) Terms from full scale Protein Sequences","https://scispace.com/paper/http://arxiv.org/abs/2412.05776v1","2024","Preprint","","Azwad Tamir
Jiann-Shiun Yuan","","https://arxiv.org/pdf/2412.05776v1","Recent developments in next generation sequencing technology have led to the creation of extensive, open-source protein databases consisting of hundreds of millions of sequences. To render these sequences applicable in biomedical applications, they must be meticulously annotated by wet lab testing or extracting them from existing literature. Over the last few years, researchers have developed numerous automatic annotation systems, particularly deep learning models based on machine learning and artificial intelligence, to address this issue. In this work, we propose a transformer-based fusion model capable of predicting Gene Ontology (GO) terms from full-scale protein sequences, achieving state-of-the-art accuracy compared to other contemporary machine learning annotation systems. The approach performs particularly well on clustered split datasets, which comprise training and testing samples originating from distinct distributions that are structurally diverse. This demonstrates that the model is able to understand both short and long term dependencies within the enzyme's structure and can precisely identify the motifs associated with the various GO terms. Furthermore, the technique is lightweight and less computationally expensive compared to the benchmark methods, while at the same time not unaffected by sequence length, rendering it appropriate for diverse applications with varying sequence lengths."
"Neuronal Correlates of Semantic Event Classes during Presentation of Complex Naturalistic Stimuli: Anatomical Patterns, Context-Sensitivity, and Potential Impact on shared Human-Robot Ontologies","https://scispace.com/paper/http://arxiv.org/abs/2502.08694v1","2025","Preprint","","Florian Ahrens
Mihai Pomarlan
Daniel Beßler
Michael Beetz
Manfred Herrmann","","https://arxiv.org/pdf/2502.08694v1","The present study forms part of a research project that aims to develop cognition-enabled robotic agents with environmental interaction capabilities close to human proficiency. This approach is based on human-derived neuronal data in combination with a shared ontology to enable robots to learn from human experiences. To gain further insight into the relation between human neuronal activity patterns and ontological classes, we introduced General Linear Model (GLM) analyses on fMRI data of participants who were presented with complex naturalistic video stimuli comparable to the robot tasks. We modeled four event classes (pick, place, fetch and deliver) attached to different environmental and object-related context and employed a Representational Similarity Analysis (RSA) on associated brain activity patterns as a starting point for an automatic hierarchical clustering. Based on the default values for the Hemodynamic Response Function (HRF), the activity patterns were reliably grouped according to their parent classes of object interaction and navigation. Although fetch and deliver events were also distinguished by neuronal patterns, pick and place events demonstrated higher ambiguity with respect to neuronal activation patterns. Introducing a shorter HRF time-to-peak leads to a more reliable grouping of all four semantic classes, despite contextual factors. These data might give novel insights into the neuronal representation of complex stimuli and may enable further research in ontology validation in cognition-enabled robotics."
"Enhancing Domain-Specific Encoder Models with LLM-Generated Data: How to Leverage Ontologies, and How to Do Without Them","https://scispace.com/paper/http://arxiv.org/abs/2503.22006v2","2025","Preprint","","Marc Brinner
Tarek Al Mustafa
Sina Zarrieß","10.18653/v1/2025.findings-emnlp.1238","https://arxiv.org/pdf/2503.22006v2","We investigate the use of LLM-generated data for continual pretraining of encoder models in specialized domains with limited training data, using the scientific domain of invasion biology as a case study. To this end, we leverage domain-specific ontologies by enriching them with LLM-generated data and pretraining the encoder model as an ontology-informed embedding model for concept definitions. To evaluate the effectiveness of this method, we compile a benchmark specifically designed for assessing model performance in invasion biology. After demonstrating substantial improvements over standard LLM pretraining, we investigate the feasibility of applying the proposed approach to domains without comprehensive ontologies by substituting ontological concepts with concepts automatically extracted from a small corpus of scientific abstracts and establishing relationships between concepts through distributional statistics. Our results demonstrate that this automated approach achieves comparable performance using only a small set of scientific abstracts, resulting in a fully automated pipeline for enhancing domain-specific understanding of small encoder models that is especially suited for application in low-resource settings and achieves performance comparable to masked language modeling pretraining on much larger datasets."
"Automatic Transformation of Natural to Unified Modeling Language: A Systematic Review","https://scispace.com/paper/http://arxiv.org/abs/2204.00932v2","2022","Preprint","","Sharif Ahmed
Arif Ahmed
Nasir U. Eisty","10.1109/SERA54885.2022.9806783","https://arxiv.org/pdf/2204.00932v2","Context: Processing Software Requirement Specifications (SRS) manually takes a much longer time for requirement analysts in software engineering. Researchers have been working on making an automatic approach to ease this task. Most of the existing approaches require some intervention from an analyst or are challenging to use. Some automatic and semi-automatic approaches were developed based on heuristic rules or machine learning algorithms. However, there are various constraints to the existing approaches of UML generation, such as restriction on ambiguity, length or structure, anaphora, incompleteness, atomicity of input text, requirements of domain ontology, etc. Objective: This study aims to better understand the effectiveness of existing systems and provide a conceptual framework with further improvement guidelines. Method: We performed a systematic literature review (SLR). We conducted our study selection into two phases and selected 70 papers. We conducted quantitative and qualitative analyses by manually extracting information, cross-checking, and validating our findings. Result: We described the existing approaches and revealed the issues observed in these works. We identified and clustered both the limitations and benefits of selected articles. Conclusion: This research upholds the necessity of a common dataset and evaluation framework to extend the research consistently. It also describes the significance of natural language processing obstacles researchers face. In addition, it creates a path forward for future research."